<addon id="repository.opensubtitles"
       name="OpenSubtitles Repository"
       version="1.0.0"
       provider-name="Jimmcy72">
  <extension point="xbmc.addon.repository" name="OpenSubtitles Repo">
    <info compressed="false">https://jimmcy72.github.io/opensubtitles1/addons.xml</info>
    <checksum>https://jimmcy72.github.io/opensubtitles1/addons.xml.md5</checksum>
    <datadir>https://jimmcy72.github.io/opensubtitles1/zips/</datadir>
  </extension>
  <extension point="xbmc.addon.metadata">
    <summary>OpenSubtitles Repository</summary>
    <description>Repositório de legendas OpenSubtitles</description>
    <platform>all</platform>
  </extension>
</addon>
